event,method,buildings,tiles,severe,severe_prevalence,reviewed,severe_found,recall_at_20_percent_reviewed,recall_ci_low,recall_ci_high,average_precision
guatemala-volcano,Simple image change,682,17,34,0.049853,137,22,0.647059,0.000000,1.000000,0.145523
guatemala-volcano,Random forest,682,17,34,0.049853,137,16,0.470588,0.111111,1.000000,0.105325
hurricane-florence,Simple image change,600,30,70,0.116667,120,26,0.371429,0.000000,0.676093,0.178883
hurricane-florence,Random forest,600,30,70,0.116667,120,18,0.257143,0.091546,0.528571,0.253786
hurricane-harvey,Simple image change,1875,27,926,0.493867,375,242,0.261339,0.179258,0.434009,0.573747
hurricane-harvey,Random forest,1875,27,926,0.493867,375,195,0.210583,0.169316,0.339412,0.518784
hurricane-matthew,Simple image change,738,25,257,0.348238,148,57,0.221790,0.114393,0.319284,0.349105
hurricane-matthew,Random forest,738,25,257,0.348238,148,89,0.346304,0.228858,0.421951,0.551520
hurricane-michael,Simple image change,1949,29,244,0.125192,390,63,0.258197,0.163718,0.323056,0.147751
hurricane-michael,Random forest,1949,29,244,0.125192,390,55,0.225410,0.145318,0.291399,0.136673
mexico-earthquake,Simple image change,8074,30,7,0.000867,1615,0,0.000000,0.000000,0.333333,0.000804
mexico-earthquake,Random forest,8074,30,7,0.000867,1615,0,0.000000,0.000000,0.000000,0.000558
midwest-flooding,Simple image change,894,28,20,0.022371,179,14,0.700000,0.000000,0.926829,0.139780
midwest-flooding,Random forest,894,28,20,0.022371,179,3,0.150000,0.000000,0.465203,0.027947
palu-tsunami,Simple image change,7137,29,2300,0.322264,1428,993,0.431739,0.295769,0.499769,0.616588
palu-tsunami,Random forest,7137,29,2300,0.322264,1428,793,0.344783,0.281902,0.406410,0.509096
santa-rosa-wildfire,Simple image change,2104,30,361,0.171578,421,288,0.797784,0.516608,0.899701,0.745629
santa-rosa-wildfire,Random forest,2104,30,361,0.171578,421,116,0.321330,0.222421,0.428270,0.302324
socal-fire,Simple image change,412,17,75,0.182039,83,34,0.453333,0.220763,0.666667,0.345073
socal-fire,Random forest,412,17,75,0.182039,83,21,0.280000,0.143675,0.412698,0.248565
