event,method,budget_percent,buildings,severe,reviewed,severe_found,recall,precision
guatemala-volcano,Random forest,5,682,34,35,4,0.11764705882352941,0.11428571428571428
guatemala-volcano,Random forest,10,682,34,69,9,0.2647058823529412,0.13043478260869565
guatemala-volcano,Random forest,15,682,34,103,12,0.35294117647058826,0.11650485436893204
guatemala-volcano,Random forest,20,682,34,137,16,0.47058823529411764,0.11678832116788321
guatemala-volcano,Random forest,25,682,34,171,18,0.5294117647058824,0.10526315789473684
guatemala-volcano,Random forest,30,682,34,205,20,0.5882352941176471,0.0975609756097561
guatemala-volcano,Random forest,35,682,34,239,20,0.5882352941176471,0.08368200836820083
guatemala-volcano,Random forest,40,682,34,273,20,0.5882352941176471,0.07326007326007326
guatemala-volcano,Random forest,45,682,34,307,22,0.6470588235294118,0.07166123778501629
guatemala-volcano,Random forest,50,682,34,341,23,0.6764705882352942,0.06744868035190615
guatemala-volcano,Simple image change,5,682,34,35,5,0.14705882352941177,0.14285714285714285
guatemala-volcano,Simple image change,10,682,34,69,9,0.2647058823529412,0.13043478260869565
guatemala-volcano,Simple image change,15,682,34,103,18,0.5294117647058824,0.17475728155339806
guatemala-volcano,Simple image change,20,682,34,137,22,0.6470588235294118,0.16058394160583941
guatemala-volcano,Simple image change,25,682,34,171,24,0.7058823529411765,0.14035087719298245
guatemala-volcano,Simple image change,30,682,34,205,25,0.7352941176470589,0.12195121951219512
guatemala-volcano,Simple image change,35,682,34,239,25,0.7352941176470589,0.10460251046025104
guatemala-volcano,Simple image change,40,682,34,273,27,0.7941176470588235,0.0989010989010989
guatemala-volcano,Simple image change,45,682,34,307,27,0.7941176470588235,0.08794788273615635
guatemala-volcano,Simple image change,50,682,34,341,27,0.7941176470588235,0.07917888563049853
hurricane-florence,Random forest,5,600,70,30,10,0.14285714285714285,0.3333333333333333
hurricane-florence,Random forest,10,600,70,60,13,0.18571428571428572,0.21666666666666667
hurricane-florence,Random forest,15,600,70,90,15,0.21428571428571427,0.16666666666666666
hurricane-florence,Random forest,20,600,70,120,18,0.2571428571428571,0.15
hurricane-florence,Random forest,25,600,70,150,26,0.37142857142857144,0.17333333333333334
hurricane-florence,Random forest,30,600,70,180,29,0.4142857142857143,0.16111111111111112
hurricane-florence,Random forest,35,600,70,210,34,0.4857142857142857,0.1619047619047619
hurricane-florence,Random forest,40,600,70,240,46,0.6571428571428571,0.19166666666666668
hurricane-florence,Random forest,45,600,70,270,51,0.7285714285714285,0.18888888888888888
hurricane-florence,Random forest,50,600,70,300,54,0.7714285714285715,0.18
hurricane-florence,Simple image change,5,600,70,30,0,0.0,0.0
hurricane-florence,Simple image change,10,600,70,60,1,0.014285714285714285,0.016666666666666666
hurricane-florence,Simple image change,15,600,70,90,14,0.2,0.15555555555555556
hurricane-florence,Simple image change,20,600,70,120,26,0.37142857142857144,0.21666666666666667
hurricane-florence,Simple image change,25,600,70,150,38,0.5428571428571428,0.25333333333333335
hurricane-florence,Simple image change,30,600,70,180,42,0.6,0.23333333333333334
hurricane-florence,Simple image change,35,600,70,210,45,0.6428571428571429,0.21428571428571427
hurricane-florence,Simple image change,40,600,70,240,48,0.6857142857142857,0.2
hurricane-florence,Simple image change,45,600,70,270,51,0.7285714285714285,0.18888888888888888
hurricane-florence,Simple image change,50,600,70,300,55,0.7857142857142857,0.18333333333333332
hurricane-harvey,Random forest,5,1875,926,94,55,0.05939524838012959,0.5851063829787234
hurricane-harvey,Random forest,10,1875,926,188,103,0.11123110151187905,0.5478723404255319
hurricane-harvey,Random forest,15,1875,926,282,152,0.16414686825053995,0.5390070921985816
hurricane-harvey,Random forest,20,1875,926,375,195,0.21058315334773217,0.52
hurricane-harvey,Random forest,25,1875,926,469,235,0.25377969762419006,0.5010660980810234
hurricane-harvey,Random forest,30,1875,926,563,275,0.296976241900648,0.48845470692717585
hurricane-harvey,Random forest,35,1875,926,657,322,0.34773218142548595,0.4901065449010654
hurricane-harvey,Random forest,40,1875,926,750,380,0.4103671706263499,0.5066666666666667
hurricane-harvey,Random forest,45,1875,926,844,425,0.458963282937365,0.5035545023696683
hurricane-harvey,Random forest,50,1875,926,938,472,0.509719222462203,0.5031982942430704
hurricane-harvey,Simple image change,5,1875,926,94,65,0.07019438444924406,0.6914893617021277
hurricane-harvey,Simple image change,10,1875,926,188,132,0.14254859611231102,0.7021276595744681
hurricane-harvey,Simple image change,15,1875,926,282,187,0.2019438444924406,0.6631205673758865
hurricane-harvey,Simple image change,20,1875,926,375,242,0.2613390928725702,0.6453333333333333
hurricane-harvey,Simple image change,25,1875,926,469,286,0.30885529157667385,0.6098081023454158
hurricane-harvey,Simple image change,30,1875,926,563,331,0.357451403887689,0.5879218472468917
hurricane-harvey,Simple image change,35,1875,926,657,376,0.4060475161987041,0.5722983257229832
hurricane-harvey,Simple image change,40,1875,926,750,423,0.45680345572354214,0.564
hurricane-harvey,Simple image change,45,1875,926,844,472,0.509719222462203,0.5592417061611374
hurricane-harvey,Simple image change,50,1875,926,938,510,0.550755939524838,0.5437100213219617
hurricane-matthew,Random forest,5,738,257,37,29,0.11284046692607004,0.7837837837837838
hurricane-matthew,Random forest,10,738,257,74,56,0.2178988326848249,0.7567567567567568
hurricane-matthew,Random forest,15,738,257,111,72,0.2801556420233463,0.6486486486486487
hurricane-matthew,Random forest,20,738,257,148,89,0.3463035019455253,0.6013513513513513
hurricane-matthew,Random forest,25,738,257,185,106,0.41245136186770426,0.572972972972973
hurricane-matthew,Random forest,30,738,257,222,114,0.44357976653696496,0.5135135135135135
hurricane-matthew,Random forest,35,738,257,259,129,0.5019455252918288,0.4980694980694981
hurricane-matthew,Random forest,40,738,257,296,145,0.5642023346303502,0.48986486486486486
hurricane-matthew,Random forest,45,738,257,333,153,0.5953307392996109,0.4594594594594595
hurricane-matthew,Random forest,50,738,257,369,164,0.6381322957198443,0.4444444444444444
hurricane-matthew,Simple image change,5,738,257,37,15,0.058365758754863814,0.40540540540540543
hurricane-matthew,Simple image change,10,738,257,74,28,0.10894941634241245,0.3783783783783784
hurricane-matthew,Simple image change,15,738,257,111,42,0.16342412451361868,0.3783783783783784
hurricane-matthew,Simple image change,20,738,257,148,57,0.22178988326848248,0.38513513513513514
hurricane-matthew,Simple image change,25,738,257,185,67,0.2607003891050584,0.3621621621621622
hurricane-matthew,Simple image change,30,738,257,222,79,0.30739299610894943,0.35585585585585583
hurricane-matthew,Simple image change,35,738,257,259,92,0.35797665369649806,0.3552123552123552
hurricane-matthew,Simple image change,40,738,257,296,104,0.4046692607003891,0.35135135135135137
hurricane-matthew,Simple image change,45,738,257,333,116,0.45136186770428016,0.3483483483483483
hurricane-matthew,Simple image change,50,738,257,369,125,0.48638132295719844,0.33875338753387535
hurricane-michael,Random forest,5,1949,244,98,15,0.06147540983606557,0.15306122448979592
hurricane-michael,Random forest,10,1949,244,195,26,0.10655737704918032,0.13333333333333333
hurricane-michael,Random forest,15,1949,244,293,40,0.16393442622950818,0.13651877133105803
hurricane-michael,Random forest,20,1949,244,390,55,0.22540983606557377,0.14102564102564102
hurricane-michael,Random forest,25,1949,244,488,65,0.26639344262295084,0.13319672131147542
hurricane-michael,Random forest,30,1949,244,585,79,0.3237704918032787,0.13504273504273503
hurricane-michael,Random forest,35,1949,244,683,96,0.39344262295081966,0.14055636896046853
hurricane-michael,Random forest,40,1949,244,780,106,0.4344262295081967,0.1358974358974359
hurricane-michael,Random forest,45,1949,244,878,122,0.5,0.13895216400911162
hurricane-michael,Random forest,50,1949,244,975,132,0.5409836065573771,0.13538461538461538
hurricane-michael,Simple image change,5,1949,244,98,19,0.0778688524590164,0.19387755102040816
hurricane-michael,Simple image change,10,1949,244,195,30,0.12295081967213115,0.15384615384615385
hurricane-michael,Simple image change,15,1949,244,293,46,0.1885245901639344,0.15699658703071673
hurricane-michael,Simple image change,20,1949,244,390,63,0.2581967213114754,0.16153846153846155
hurricane-michael,Simple image change,25,1949,244,488,79,0.3237704918032787,0.16188524590163936
hurricane-michael,Simple image change,30,1949,244,585,87,0.35655737704918034,0.14871794871794872
hurricane-michael,Simple image change,35,1949,244,683,97,0.3975409836065574,0.14202049780380674
hurricane-michael,Simple image change,40,1949,244,780,115,0.4713114754098361,0.14743589743589744
hurricane-michael,Simple image change,45,1949,244,878,127,0.5204918032786885,0.14464692482915717
hurricane-michael,Simple image change,50,1949,244,975,143,0.5860655737704918,0.14666666666666667
mexico-earthquake,Random forest,5,8074,7,404,0,0.0,0.0
mexico-earthquake,Random forest,10,8074,7,808,0,0.0,0.0
mexico-earthquake,Random forest,15,8074,7,1212,0,0.0,0.0
mexico-earthquake,Random forest,20,8074,7,1615,0,0.0,0.0
mexico-earthquake,Random forest,25,8074,7,2019,0,0.0,0.0
mexico-earthquake,Random forest,30,8074,7,2423,0,0.0,0.0
mexico-earthquake,Random forest,35,8074,7,2826,0,0.0,0.0
mexico-earthquake,Random forest,40,8074,7,3230,1,0.14285714285714285,0.00030959752321981426
mexico-earthquake,Random forest,45,8074,7,3634,1,0.14285714285714285,0.000275178866263071
mexico-earthquake,Random forest,50,8074,7,4037,1,0.14285714285714285,0.00024770869457517957
mexico-earthquake,Simple image change,5,8074,7,404,0,0.0,0.0
mexico-earthquake,Simple image change,10,8074,7,808,0,0.0,0.0
mexico-earthquake,Simple image change,15,8074,7,1212,0,0.0,0.0
mexico-earthquake,Simple image change,20,8074,7,1615,0,0.0,0.0
mexico-earthquake,Simple image change,25,8074,7,2019,1,0.14285714285714285,0.0004952947003467063
mexico-earthquake,Simple image change,30,8074,7,2423,1,0.14285714285714285,0.0004127115146512588
mexico-earthquake,Simple image change,35,8074,7,2826,2,0.2857142857142857,0.0007077140835102619
mexico-earthquake,Simple image change,40,8074,7,3230,2,0.2857142857142857,0.0006191950464396285
mexico-earthquake,Simple image change,45,8074,7,3634,3,0.42857142857142855,0.000825536598789213
mexico-earthquake,Simple image change,50,8074,7,4037,3,0.42857142857142855,0.0007431260837255387
midwest-flooding,Random forest,5,894,20,45,0,0.0,0.0
midwest-flooding,Random forest,10,894,20,90,0,0.0,0.0
midwest-flooding,Random forest,15,894,20,135,1,0.05,0.007407407407407408
midwest-flooding,Random forest,20,894,20,179,3,0.15,0.01675977653631285
midwest-flooding,Random forest,25,894,20,224,5,0.25,0.022321428571428572
midwest-flooding,Random forest,30,894,20,269,6,0.3,0.022304832713754646
midwest-flooding,Random forest,35,894,20,313,10,0.5,0.03194888178913738
midwest-flooding,Random forest,40,894,20,358,11,0.55,0.030726256983240222
midwest-flooding,Random forest,45,894,20,403,15,0.75,0.03722084367245657
midwest-flooding,Random forest,50,894,20,447,15,0.75,0.03355704697986577
midwest-flooding,Simple image change,5,894,20,45,8,0.4,0.17777777777777778
midwest-flooding,Simple image change,10,894,20,90,11,0.55,0.12222222222222222
midwest-flooding,Simple image change,15,894,20,135,14,0.7,0.1037037037037037
midwest-flooding,Simple image change,20,894,20,179,14,0.7,0.0782122905027933
midwest-flooding,Simple image change,25,894,20,224,14,0.7,0.0625
midwest-flooding,Simple image change,30,894,20,269,15,0.75,0.055762081784386616
midwest-flooding,Simple image change,35,894,20,313,18,0.9,0.05750798722044728
midwest-flooding,Simple image change,40,894,20,358,18,0.9,0.05027932960893855
midwest-flooding,Simple image change,45,894,20,403,19,0.95,0.04714640198511166
midwest-flooding,Simple image change,50,894,20,447,19,0.95,0.042505592841163314
palu-tsunami,Random forest,5,7137,2300,357,231,0.10043478260869565,0.6470588235294118
palu-tsunami,Random forest,10,7137,2300,714,446,0.19391304347826088,0.6246498599439776
palu-tsunami,Random forest,15,7137,2300,1071,637,0.27695652173913043,0.5947712418300654
palu-tsunami,Random forest,20,7137,2300,1428,793,0.3447826086956522,0.5553221288515406
palu-tsunami,Random forest,25,7137,2300,1785,932,0.4052173913043478,0.5221288515406163
palu-tsunami,Random forest,30,7137,2300,2142,1076,0.4678260869565217,0.5023342670401494
palu-tsunami,Random forest,35,7137,2300,2498,1216,0.528695652173913,0.4867894315452362
palu-tsunami,Random forest,40,7137,2300,2855,1355,0.5891304347826087,0.4746059544658494
palu-tsunami,Random forest,45,7137,2300,3212,1487,0.6465217391304348,0.46295143212951434
palu-tsunami,Random forest,50,7137,2300,3569,1618,0.7034782608695652,0.4533482768282432
palu-tsunami,Simple image change,5,7137,2300,357,254,0.11043478260869566,0.711484593837535
palu-tsunami,Simple image change,10,7137,2300,714,514,0.2234782608695652,0.7198879551820728
palu-tsunami,Simple image change,15,7137,2300,1071,763,0.3317391304347826,0.7124183006535948
palu-tsunami,Simple image change,20,7137,2300,1428,993,0.4317391304347826,0.6953781512605042
palu-tsunami,Simple image change,25,7137,2300,1785,1186,0.5156521739130435,0.6644257703081232
palu-tsunami,Simple image change,30,7137,2300,2142,1366,0.5939130434782609,0.6377217553688141
palu-tsunami,Simple image change,35,7137,2300,2498,1511,0.6569565217391304,0.6048839071257006
palu-tsunami,Simple image change,40,7137,2300,2855,1644,0.7147826086956521,0.5758318739054291
palu-tsunami,Simple image change,45,7137,2300,3212,1736,0.7547826086956522,0.5404732254047323
palu-tsunami,Simple image change,50,7137,2300,3569,1825,0.7934782608695652,0.5113477164471841
santa-rosa-wildfire,Random forest,5,2104,361,106,35,0.09695290858725762,0.330188679245283
santa-rosa-wildfire,Random forest,10,2104,361,211,60,0.16620498614958448,0.2843601895734597
santa-rosa-wildfire,Random forest,15,2104,361,316,85,0.23545706371191136,0.2689873417721519
santa-rosa-wildfire,Random forest,20,2104,361,421,116,0.32132963988919666,0.2755344418052256
santa-rosa-wildfire,Random forest,25,2104,361,526,145,0.40166204986149584,0.27566539923954375
santa-rosa-wildfire,Random forest,30,2104,361,632,181,0.5013850415512465,0.28639240506329117
santa-rosa-wildfire,Random forest,35,2104,361,737,212,0.5872576177285319,0.2876526458616011
santa-rosa-wildfire,Random forest,40,2104,361,842,235,0.6509695290858726,0.27909738717339666
santa-rosa-wildfire,Random forest,45,2104,361,947,257,0.7119113573407202,0.2713833157338965
santa-rosa-wildfire,Random forest,50,2104,361,1052,273,0.7562326869806094,0.25950570342205326
santa-rosa-wildfire,Simple image change,5,2104,361,106,94,0.26038781163434904,0.8867924528301887
santa-rosa-wildfire,Simple image change,10,2104,361,211,187,0.518005540166205,0.8862559241706162
santa-rosa-wildfire,Simple image change,15,2104,361,316,258,0.7146814404432132,0.8164556962025317
santa-rosa-wildfire,Simple image change,20,2104,361,421,288,0.7977839335180056,0.684085510688836
santa-rosa-wildfire,Simple image change,25,2104,361,526,304,0.8421052631578947,0.5779467680608364
santa-rosa-wildfire,Simple image change,30,2104,361,632,315,0.8725761772853186,0.49841772151898733
santa-rosa-wildfire,Simple image change,35,2104,361,737,322,0.8919667590027701,0.4369063772048847
santa-rosa-wildfire,Simple image change,40,2104,361,842,325,0.9002770083102493,0.3859857482185273
santa-rosa-wildfire,Simple image change,45,2104,361,947,329,0.9113573407202216,0.3474128827877508
santa-rosa-wildfire,Simple image change,50,2104,361,1052,331,0.9168975069252078,0.314638783269962
socal-fire,Random forest,5,412,75,21,6,0.08,0.2857142857142857
socal-fire,Random forest,10,412,75,42,11,0.14666666666666667,0.2619047619047619
socal-fire,Random forest,15,412,75,62,16,0.21333333333333335,0.25806451612903225
socal-fire,Random forest,20,412,75,83,21,0.28,0.25301204819277107
socal-fire,Random forest,25,412,75,103,26,0.3466666666666667,0.2524271844660194
socal-fire,Random forest,30,412,75,124,32,0.4266666666666667,0.25806451612903225
socal-fire,Random forest,35,412,75,145,36,0.48,0.2482758620689655
socal-fire,Random forest,40,412,75,165,41,0.5466666666666666,0.24848484848484848
socal-fire,Random forest,45,412,75,186,45,0.6,0.24193548387096775
socal-fire,Random forest,50,412,75,206,50,0.6666666666666666,0.24271844660194175
socal-fire,Simple image change,5,412,75,21,8,0.10666666666666667,0.38095238095238093
socal-fire,Simple image change,10,412,75,42,18,0.24,0.42857142857142855
socal-fire,Simple image change,15,412,75,62,27,0.36,0.43548387096774194
socal-fire,Simple image change,20,412,75,83,34,0.4533333333333333,0.40963855421686746
socal-fire,Simple image change,25,412,75,103,38,0.5066666666666667,0.36893203883495146
socal-fire,Simple image change,30,412,75,124,43,0.5733333333333334,0.3467741935483871
socal-fire,Simple image change,35,412,75,145,47,0.6266666666666667,0.32413793103448274
socal-fire,Simple image change,40,412,75,165,48,0.64,0.2909090909090909
socal-fire,Simple image change,45,412,75,186,53,0.7066666666666667,0.2849462365591398
socal-fire,Simple image change,50,412,75,206,57,0.76,0.2766990291262136
